feature,mean,std
battery_voltage_v,12.594499038248212,0.49276237160109954
battery_current_a,10.4661453279096,20.704090340994586
battery_temp_c,25.0036904814571,5.108817224012979
alternator_output_v,14.197382474412665,0.2932639052169392
battery_charge_percent,70.08022155173647,17.14602707848198
battery_health_percent,94.330723350143,2.5420337675827254
