feature,mean,std
brake_fluid_level_psi,1001.1233561394575,97.48857410939797
brake_pad_wear_mm,8.068045238636131,1.010667120432933
brake_temp_c,79.64199063005988,50.050278658879996
abs_fault_indicator,0.11258955987717502,0.316171329647796
brake_pedal_pos_percent,50.04705645011924,28.73707080673257
wheel_speed_fl_kph,60.66683803614944,30.339891669596902
wheel_speed_fr_kph,59.57651109649284,31.181236563535336
wheel_speed_rl_kph,60.47665402905016,30.062270765940326
wheel_speed_rr_kph,60.08491737849898,30.298858871012342
